accession,reason_for_removal,source_for_reason
PP_006Y8S4,Second sample from same patient,https://virological.org/t/initial-genomes-from-may-2026-bundibugyo-virus-disease-outbreak-in-the-democratic-republic-of-the-congo-and-uganda/1032/6
PP_00764QW,Signatures of ADAR editing,https://virological.org/t/phylodynamics-and-evolution-of-the-2026-bundibugyo-virus-circulating-in-the-democratic-republic-of-the-congo-insights-from-a-100-day-window-of-genomic-sequencing/1046
PP_007AFQB,Signatures of ADAR editing,https://virological.org/t/phylodynamics-and-evolution-of-the-2026-bundibugyo-virus-circulating-in-the-democratic-republic-of-the-congo-insights-from-a-100-day-window-of-genomic-sequencing/1046
PP_007A56Q,Signatures of ADAR editing,https://virological.org/t/phylodynamics-and-evolution-of-the-2026-bundibugyo-virus-circulating-in-the-democratic-republic-of-the-congo-insights-from-a-100-day-window-of-genomic-sequencing/1046
PP_007AF2N,Signatures of ADAR editing,https://virological.org/t/phylodynamics-and-evolution-of-the-2026-bundibugyo-virus-circulating-in-the-democratic-republic-of-the-congo-insights-from-a-100-day-window-of-genomic-sequencing/1046
PP_007AED1,Signatures of ADAR editing,https://virological.org/t/phylodynamics-and-evolution-of-the-2026-bundibugyo-virus-circulating-in-the-democratic-republic-of-the-congo-insights-from-a-100-day-window-of-genomic-sequencing/1046
PP_007AEKN,Signatures of ADAR editing,https://virological.org/t/phylodynamics-and-evolution-of-the-2026-bundibugyo-virus-circulating-in-the-democratic-republic-of-the-congo-insights-from-a-100-day-window-of-genomic-sequencing/1046
PP_007AENG,Signatures of ADAR editing,https://virological.org/t/phylodynamics-and-evolution-of-the-2026-bundibugyo-virus-circulating-in-the-democratic-republic-of-the-congo-insights-from-a-100-day-window-of-genomic-sequencing/1046
PP_007C78E,Signatures of ADAR editing,https://virological.org/t/phylodynamics-and-evolution-of-the-2026-bundibugyo-virus-circulating-in-the-democratic-republic-of-the-congo-insights-from-a-100-day-window-of-genomic-sequencing/1046
PP_007ESCH,Signatures of ADAR editing,https://virological.org/t/phylodynamics-and-evolution-of-the-2026-bundibugyo-virus-circulating-in-the-democratic-republic-of-the-congo-insights-from-a-100-day-window-of-genomic-sequencing/1046
PP_007ESDF,Signatures of ADAR editing,https://virological.org/t/phylodynamics-and-evolution-of-the-2026-bundibugyo-virus-circulating-in-the-democratic-republic-of-the-congo-insights-from-a-100-day-window-of-genomic-sequencing/1046
PP_007ESAM,Signatures of ADAR editing,https://virological.org/t/phylodynamics-and-evolution-of-the-2026-bundibugyo-virus-circulating-in-the-democratic-republic-of-the-congo-insights-from-a-100-day-window-of-genomic-sequencing/1046
PP_007ESBK,Signatures of ADAR editing,https://virological.org/t/phylodynamics-and-evolution-of-the-2026-bundibugyo-virus-circulating-in-the-democratic-republic-of-the-congo-insights-from-a-100-day-window-of-genomic-sequencing/1046
PP_007ESED,Signatures of ADAR editing,https://virological.org/t/phylodynamics-and-evolution-of-the-2026-bundibugyo-virus-circulating-in-the-democratic-republic-of-the-congo-insights-from-a-100-day-window-of-genomic-sequencing/1046
PP_007ES9P,Signatures of ADAR editing,https://virological.org/t/phylodynamics-and-evolution-of-the-2026-bundibugyo-virus-circulating-in-the-democratic-republic-of-the-congo-insights-from-a-100-day-window-of-genomic-sequencing/1046
PP_007ESFB,Signatures of ADAR editing,https://virological.org/t/phylodynamics-and-evolution-of-the-2026-bundibugyo-virus-circulating-in-the-democratic-republic-of-the-congo-insights-from-a-100-day-window-of-genomic-sequencing/1046
PP_007BZQR,Signatures of ADAR editing,https://virological.org/t/phylodynamics-and-evolution-of-the-2026-bundibugyo-virus-circulating-in-the-democratic-republic-of-the-congo-insights-from-a-100-day-window-of-genomic-sequencing/1046
PP_007ES4Z,Signatures of ADAR editing,https://virological.org/t/phylodynamics-and-evolution-of-the-2026-bundibugyo-virus-circulating-in-the-democratic-republic-of-the-congo-insights-from-a-100-day-window-of-genomic-sequencing/1046
PP_007ES5X,Signatures of ADAR editing,https://virological.org/t/phylodynamics-and-evolution-of-the-2026-bundibugyo-virus-circulating-in-the-democratic-republic-of-the-congo-insights-from-a-100-day-window-of-genomic-sequencing/1046
PP_007ES6V,Signatures of ADAR editing,https://virological.org/t/phylodynamics-and-evolution-of-the-2026-bundibugyo-virus-circulating-in-the-democratic-republic-of-the-congo-insights-from-a-100-day-window-of-genomic-sequencing/1046
PP_007ES7T,Signatures of ADAR editing,https://virological.org/t/phylodynamics-and-evolution-of-the-2026-bundibugyo-virus-circulating-in-the-democratic-republic-of-the-congo-insights-from-a-100-day-window-of-genomic-sequencing/1046
PP_007ES8R,Signatures of ADAR editing,https://virological.org/t/phylodynamics-and-evolution-of-the-2026-bundibugyo-virus-circulating-in-the-democratic-republic-of-the-congo-insights-from-a-100-day-window-of-genomic-sequencing/1046
PP_007ESG9,Signatures of ADAR editing,https://virological.org/t/phylodynamics-and-evolution-of-the-2026-bundibugyo-virus-circulating-in-the-democratic-republic-of-the-congo-insights-from-a-100-day-window-of-genomic-sequencing/1046
PP_007ERNX,Signatures of ADAR editing,https://virological.org/t/phylodynamics-and-evolution-of-the-2026-bundibugyo-virus-circulating-in-the-democratic-republic-of-the-congo-insights-from-a-100-day-window-of-genomic-sequencing/1046
PP_007C6F1,Signatures of ADAR editing,https://virological.org/t/phylodynamics-and-evolution-of-the-2026-bundibugyo-virus-circulating-in-the-democratic-republic-of-the-congo-insights-from-a-100-day-window-of-genomic-sequencing/1046
PP_007C4RG,Signatures of ADAR editing,https://virological.org/t/phylodynamics-and-evolution-of-the-2026-bundibugyo-virus-circulating-in-the-democratic-republic-of-the-congo-insights-from-a-100-day-window-of-genomic-sequencing/1046
PP_007C4TC,Signatures of ADAR editing,https://virological.org/t/phylodynamics-and-evolution-of-the-2026-bundibugyo-virus-circulating-in-the-democratic-republic-of-the-congo-insights-from-a-100-day-window-of-genomic-sequencing/1046
PP_007BXK3,Signatures of ADAR editing,https://virological.org/t/phylodynamics-and-evolution-of-the-2026-bundibugyo-virus-circulating-in-the-democratic-republic-of-the-congo-insights-from-a-100-day-window-of-genomic-sequencing/1046
PP_007EXUD,Signatures of ADAR editing,https://virological.org/t/phylodynamics-and-evolution-of-the-2026-bundibugyo-virus-circulating-in-the-democratic-republic-of-the-congo-insights-from-a-100-day-window-of-genomic-sequencing/1046
PP_007EWH2,Signatures of ADAR editing,https://virological.org/t/phylodynamics-and-evolution-of-the-2026-bundibugyo-virus-circulating-in-the-democratic-republic-of-the-congo-insights-from-a-100-day-window-of-genomic-sequencing/1046
PP_007EYF5,Signatures of ADAR editing,https://virological.org/t/phylodynamics-and-evolution-of-the-2026-bundibugyo-virus-circulating-in-the-democratic-republic-of-the-congo-insights-from-a-100-day-window-of-genomic-sequencing/1046
PP_007C74N,Signatures of ADAR editing,https://virological.org/t/phylodynamics-and-evolution-of-the-2026-bundibugyo-virus-circulating-in-the-democratic-republic-of-the-congo-insights-from-a-100-day-window-of-genomic-sequencing/1046
PP_007C6X2,Signatures of ADAR editing,https://virological.org/t/phylodynamics-and-evolution-of-the-2026-bundibugyo-virus-circulating-in-the-democratic-republic-of-the-congo-insights-from-a-100-day-window-of-genomic-sequencing/1046
